English,Romanian
Access Number,Număr de acces
Access Numbers,Numere de acces
Account,Cont
Account Type,Tip de cont
Account Valid Days,Zilele valabile ale contului
Account Verification By,Verificarea contului de
Accounts,Conturi
Accounts Report,Raport conturi
ACD,ACD
Action,Acțiune
Action Type,Tipul de acțiune
Add,Adăuga
Add Country,Adaugă țară
Add Currency,Adăugați monedă
Add Destination,Adăugați destinație
Add Ratedeck,Adăugați Ratedeck
Address1,Adresa 1
Administrator,Administrator
Administrator Admin,Administrator Administrator
Admins,Administratori
After Balance,După echilibru
Alarm,Alarma
Alert Status,Stare alertă
Allow integration with Fraud detection,Permiteți integrarea cu detectarea fraudei
Allow IP Management,Permiteți gestionarea IP
Allow Local Call,Permiteți apelul local
Allow Local Calls,Permiteți apeluri locale
Allow Loss Less Routing,Permiteți rutele de pierdere mai puțin
Allow Max Retries,Permiteți încercările Max
Allow Recording,Permite înregistrarea
Amount,Cantitate
Amount INR,Suma INR
Answered Calls,Apeluri răspuns
Applicable For,Aplicabil pentru
Apply on existing accounts,Aplicați pe conturile existente
Archive,Arhiva
ASR,ASR
Attachement,attachement
Attempted Calls,Apeluri încercate
Audit,Audit
Audit Log,Jurnal de audit
Audit Logs Older Than Days,Jurnalele de audit mai vechi de zile
Authorize.net,Authorize.net
Automatically,Automat
Balance,Echilibru
Balance Announcement,Anunț sold
Balance Below,Soldul de mai jos
Base Currency,Moneda de bază
Basic,De bază
Basic Information,Informatii de baza
Batch Update,Actualizare lot
Before Balance INR,Înainte de echilibru INR
Begins With,Începe cu
Beta,beta
Billable,facturabil
Billing,Facturare
Billing Cycle,Ciclu de facturare
Billing Days,Zilele de facturare
Billing Information,Informații de facturare
Billing Type,Tip de facturare
Body,Corp
Buy Cost,Costul de cumpărare
Call Barring,Sună Barring
Call Date,Data apelului
Call Detail Reports,Rapoarte de detalii ale apelurilor
Call Max Length,Lungime maximă apel
Call State,Apelare stat
Call Summary Reports,Rapoarte sumare ale apelurilor
Call Timeout,Call Timeout
Call Type,Tip apel
Call Types,Tipuri de apel
Called Number,Numărul apelat
Caller ID,ID-ul apelantului
Caller IDs,Coduri de apelare
Caller IP,IP apelant
Caller Name,Nume apelant
Caller Number,Numărul apelantului
Caller-Id-In-Form,Caller-ID-In-Form
Calling Card,Cartea de apelare
Calls,apeluri
Calls Breakdown,Defalcarea apelurilor
Calltype Information,Informații despre tipuri de apel
Can be purchased?,Poate fi cumpărat?
Capital,Capital
Capture Server,Capture Server
Card Input Timeout,Timp de intrare card
Card Length,Lungimea cardului
Card Retries,Încercări de card
Carriers,transportatorii
Category,Categorie
CC,CC
CDRs Older Than Days,CDR-uri mai vechi de zile
Charge Type,Tip de sarcină
Charges Breakdown,Defalcarea sarcinilor
Charges History,Istoricul taxelor
CID,CID
City,Oraș
Clear,clar
Client IP,IP-ul clientului
Client User Agent,Client User Agent
Code,Cod
Codecs,Codecuri
Commission,Comision
Commission Rate,Rata comisionului
Commission Reports,Rapoarte ale Comisiei
Company,Companie
Company Profiles,Profilele companiei
Company Tax number,Numărul de impozit pe companie
Completed Calls,Apeluri finalizate
Concurrent Calls,Apeluri simultane
Configuration ,configurație
Confirmed,Confirmat
Connection Cost,Cost de conectare
Contains,Conține
Cost,Cost
Cost/Min,Cost / min
Countries,ţări
Country,Țară
Country Code,Codul tarii
Country List,Lista de țări
Country Reports,Rapoarte de țară
Coupon Information,Informații despre cupon
Coupon Number,Numărul de cupon
CPS,CPS
Create,Crea
Create Admin,Creați Admin
Create calltype,Creați tipul de apel
Create Company Profile ,Creați profilul companiei
Create Customer,Creați client
Create Origination Rate,Creați rata de origine
Create Product ,Creați produs
Create Provider,Creați Furnizor
Create Rate Group,Creați grup de rate
Create Refill Coupon,Creați cupon de reumplere
Create SIP Device,Creați dispozitivul SIP
Create Tax,Creați impozit
Created Date,data creata
Creation Date,Data crearii
Credit,Credit
Credit Limit,Limita de credit
Crons,Crons
Currency,Valută
Currency Conversion Loss Percentage,Procentul pierderii în conversie valutară
Currency List,Lista valutară
Customer,Client
Customer CDRs Report ,Raport CDRs pentru clienți
Customer Summary,Rezumatul clientului
Customer Summary Report ,Raport sumar pentru clienți
Customers,clienţii
Dashboard,Tablou de bord
Database,Bază de date
Date,Data
Debit,Debit
Debug,debug
Decimal Points,Puncte zecimale
Default Increment ,Creșterea implicită
Default Invoice Mode,Modul de factură implicit
Default Tax,Impozitul cu întârziere
Delete,Șterge
Deleted Accounts After Days,Conturi șterse după zile
Description,Descriere
Destination,Destinaţie
Dial Input Timeout,Formați expirare timp de intrare
DID,FĂCUT
DIDs,DID-uri
Direction,Direcţie
Disable,Dezactivați
Display records in,Afișează înregistrările în
Disposition,Dispoziţie
Documentation,Documentație
Doesnt Contain,Nu conține
Domain,Domeniu
Draft,Proiect
Due Date,Data scadentă
Duplicate,Duplicat
Duration,Durată
Email,E-mail
Email Alerts ?,Alerte prin e-mail?
Email History,Istoric prin e-mail
Email History List ,Lista istoricului e-mailurilor
Email Notification,notificare prin e-mail
Email Notifications,notificări prin email
Email Status,Stare e-mail
Email Template,Model de e-mail
Emails Older Than Days,E-mailuri mai vechi de zile
En,en
Enable,Permite
Enable Signup,Activați înregistrarea
Ends With,Se termină cu
Enterprise,Afacere
Entity Type,Tip de entitate
Environment,Mediu inconjurator
Ewallet Payment Gateway,Gateway de plată Ewallet
Expired Accounts After Days,Conturi expirate după zile
Expiry Date,Data expirarii
Export,Export
Failover  GW Name #1,Numele nr. 1 de la Failover GW
Failover GW Name #2,Failover GW Nume 2
Favicon,favicon
Fax,Fax
Fee,taxă
File Path,Calea fișierului
Filter,Filtru
First Name,Nume
First Used,Prima utilizare
Fixer Key,Cheie fixă
FMAddon,FMAddon
Footer,Subsol
Fraud Detection,Detectarea fraudei
Free Minutes,Minute gratuite
FreeSwitch Servers,Servere FreeSwitch
From,Din
From Date,Din data
From Timestamp,Din Timestamp
Gateway Name,Nume gateway
Gateways,Gateway-uri
General,General
General Input Timeout,Timeout general de intrare
Generate Invoice,Generați factură
Generate Pin,Generați Pin
Generates Alarm From System,Generează alarmă din sistem
Generates Local Number system,Generează sistem de numere locale
Generates ticket of issues from system,Generează biletul de probleme din sistem
Generates Various Alarms From System,Generează diverse alarme din sistem
Generates Various Country Reports From System,Generează diverse rapoarte de țară din sistem
Generates various reports from system,Generează diverse rapoarte din sistem
Get Addons,Obțineți suplimente
Get App,Obține aplicația
Global,Global
Grace Time,Timpul harului
Grand Total,Total general
Group By,A se grupa cu
Group By #1,Group By # 1
Group By #2,Grup By # 2
Group By #3,Grupul cu numărul 3
Group By #Time,Group By #Time
Header,Antet
Homer,Homer
Host,Gazdă
Import,Import
Import Customers,Importați clienții
Import with field map,Importați cu harta câmpului
Inbound,Intrare
Inbound Fax,Fax de intrare
Included Seconds,Secunde incluse
Increment,Creştere
Initial Balance,Balanta initiala
Initial Increment,Creșterea inițială
Inovices Older Than Days,Inovice mai vechi de zile
Install,Instalare
Installed,instalat
Interval,Interval
Interval Type,Tipul intervalului
Invoice Configuration ,Configurare factură
Invoice Date,Data facturii
Invoice Due Days,Zile datorate facturii
Invoice Due Notification,Notificare datorată facturii
Invoice Notification,Notificare factură
Invoice Number,Număr de factură
Invoice Prefix,Prefixul facturilor
Invoice Start Form,Formular de pornire a facturilor
Invoices,facturile
IP,IP
IP Settings,Setări IP
Is Equal To,Este egal cu
Is Not Equal To,Nu este egal cu
Is Purchased?,Este cumpărat?
Iso,Iso
Iso3,Iso3
IVR Count,Contele IVR
Languages,Limbile
Last Execution Date,Ultima dată de execuție
Last Modified Date,Ultima dată modificată
Last Name,Numele de familie
Last Paid Date,Ultima dată plătită
Latest Orders,Ultimele comenzi
LC Charge / Min,Încărcare LC / Min
LC Charge/Min,Încărcare LC / Min
Live,Trăi
Live Call Report,Raport de apel live
Live Id,ID live
Live Key,Cheie live
Live Url,Urlă live
Local Call Timeout,Interval de apel local
Local Number,Numar local
Local Numbers,Numere locale
Locale code,Cod local
Localization,Localizare
Localization Type,Tipul de localizare
Localizations,localizări
Log out,Deconectați-vă
Log Path,Calea de jurnal
Logo,Siglă
Low balance Alert?,Alertă sold redus?
Mail Log,Jurnal de e-mail
Manually,Manual
Markup,Marcaj
Mass Create,Creare în masă
Mass Email,Mesaj e-mail
Max Free Length,Lungime maximă liberă
MCD,MCD
Minimum Fund Transfer,Transfer de fond minim
Minutes,Minute
Minutes Announcement,Proces-verbal Anunț
Minutes Breakdown,Minute Defalcarea
Moderate,Moderat
Modified Date,Data modificata
Module,Modul
Name,Nume
New Accounts,Conturi noi
Nexmo API Key,Cheia API Nexmo
Nexmo Secret Key,Cheia secretă Nexmo
Next Execution Date,Data de execuție următoare
Nickname,Poreclă
No,Nu
No Records Found,Nu au fost găsite
Notes,notițe
Notifications,notificări
Notify before due days,Notificați înainte de zilele scadente
Number,Număr
Number Type,Număr tip
of,de
Opensips,Opensips
Opensips DB Engine,Opensips Motor DB
Opensips DB Host,Opensips DB Host
Opensips DB Name,Deschide Nume DB
Opensips DB Pass,Opensips DB Pass
Opensips DB User,Deschide Utilizatorul DB
Opensips Domain,Opensips Domain
Opensource,Sursa deschisa
Order,Ordin
Order Amount,Cantitatea comenzii
Order Date,Data comandă
Order ID,Comanda ID
Order Now,Comanda acum
Orders,Comenzi
Org. Cost,Org. Cost
Org. Destination,Org. Destinaţie
Org. Pefix,Org. Pefix
Origination Rates,Rata de origine
Outbound Fax,Fax de ieșire
Outstanding Amount INR,Suma restanta INR
Page,Pagină
Password,Parola
Password Strength,Puterea parolei
Payment Method,Modalitate de plată
Payment Methods,Metode de plata
Payment Status,Starea plății
Paypal,Paypal
Per Minute Cost,Cost pe minut
Phone,Telefon
Pin Input Timeout,Fixare temporizare intrare
Pin Length,Lungimea acului
Pin retries,Pin reîncepe
Pinless Authentication,Autentificare fără pin
Place Order ,Plasați comanda
Playback Audio Notifications,Redare Notificări audio
Port,Port
Portal personalization,Personalizarea portalului
Powered by ASTPP,Alimentat de ASTPP
Prefix,Prefix
Prepend,Prepend
Preserve,păstra
Price,Preț
Priority,Prioritate
Product Category,Categorie produs
Product Details,Detalii produs
Product Name,numele produsului
Products,Produse
Profile Action,Profil Acțiune
Profit,Profit
Provider,Furnizor de
Provider CDRs Report ,Raport CDR furnizor
Provider Outbound,Ieșire furnizor
Provider Outbound Report,Raportul de ieșire al furnizorului
Provider Summary Report ,Raport sumar furnizor
Province,Provincie
Province/State,Provincia / Statul
Proxy,împuternicire
Purge,epurare
Push Notifications,Notificări
Quantity,Cantitate
Rate,Rată
Rate Announcement,Anunțarea tarifelor
Rate Count,Numărul de rate
Rate Group,Grup de rate
Rate Groups,Evaluare grupuri
Rate Information,Informații despre tarif
Ratedeck,Ratedeck
Ratedeck Information,Informații Reckeck
Rates Count,Numărul tarifelor
Realtime Billing,Facturare în timp real
Receiver Email,E-mail receptor
Recording Files Older Than Days,Înregistrarea fișierelor mai vechi de zile
Records,Înregistrări
Referer Page,Pagină de referitor
Refill By,Reumpleți prin
Refill Coupon Length,Reumpleți lungimea cuponului
Refill Coupons,Reumpleti cupoane
Refill Report,Raport de completare
Refills,refills
Register,Inregistreaza-te
Release if no balance,Eliberați dacă nu există sold
Report a Bug,Raporteaza o eroare
Reports,rapoarte
Request URI,Solicitați URI
Reseller,reseller
Reseller can resell,Revânzătorul se poate revinde
Reseller Summary,Rezumatul revânzătorului
Reseller Summary Report ,Raportul sumar al revânzătorilor
Resellers,Distribuitori
Resellers CDRs Report ,Raport CDR-uri pentru distribuitori
Resend Mail,Reintroduceți e-mailul
Role,Rol
Roles & Permission,Roluri și permisiuni
Roles & Permissions,Roluri și permisiuni
Routing Prefix,Prefix de rutare
Routing Type,Tip rutare
Sandbox,Sandbox
Sandbox Id,ID Sandbox
Sandbox Key,Cheia pentru sandbox
Sandbox Name,Nume sandbox
Sandbox Url,Sandbox Url
Save,Salvați
Schedule Reports,Rapoarte de programare
Search,Căutare
Select File,Selectați Fișier
Select Year,Selectați Anul
Services,Servicii
Set Maximum Add card limit,Setați limita maximă pentru adăugarea cardului
Settings,Setări
Setup Fee,Taxa de instalare
Signup,Inscrie-te
SIP Devices,Dispozitive SIP
SIP IP,SIP IP
SIP Port,Port SIP
SIP Profile,Profil SIP
SIP Profiles,Profiluri SIP
SMS,mesaj
SMS Body,SMS Corp
SMS Notifications,Notificări prin SMS
SMS Status,SMS Status
SMTP,SMTP
SMTP Host,Gazdă SMTP
SMTP Pass,SMTP Pass
SMTP Port,Port SMTP
SMTP User,Utilizator SMTP
Start prefix,Prefixul începe
Starting Digit,Pornind Digit
Status,stare
Strip,Bandă
Strong,Puternic
Subject,Subiect
Subscription,Abonament
Supportticket,Supportticket
Switch,Intrerupator
Tariff,Tarifar
Tax,Impozit
Tax Information,Informații fiscale
Telephone,Telefon
Telephone as account number,Telefon ca număr de cont
Templates,Template-uri
Term. Cost,Termen. Cost
Term. Destination,Termen. Destinaţie
Term. Prefix,Termen. Prefix
Term. Trunk,Termen. Trompă
Termination Rates,Tarife de terminare
Third Party,Terț
This Month,Luna aceasta
This Week,Săptămâna aceasta
Timelimit Announcement,Anunț Timelimit
Timestamp,Timestamp-ul
Timezone,Fus orar
To,La
To Number,La număr
To Timestamp,Spre Timestamp
Today,Astăzi
Top 10 Accounts,Top 10 conturi
Top 10 Destinations,Top 10 destinații
Total Calls ,Apeluri totale
Total Charges,Taxe totale
Total Minutes,Minute totale
Transaction ID,ID-ul de tranzacție
Translations,Traduceri
Translations Language,Limbajul traducerilor
Trunk,Trompă
Trunks,trunchiuri
Type,Tip
Unpaid,neplătit
Update,Actualizați
Used,Folosit
Used Date,Data folosită
Username,Nume de utilizator
Version,Versiune
Version 4.0 Beta,Versiunea 4.0 Beta
View All,A vedea tot
Voicemail,Mesageria vocală
Panel Access,Acces panou
Profile,Profil
Billing Settings,Setări de facturare
Pin,bolț
Account Settings,Setările contului
Notification Email,E-mail de notificare
Address,Adresa
NON-CLI Rate Group,Grupul de rate NON-CLI
Billing Schedule,Programul de facturare
Billing Day,Ziua de facturare
Tax Number,Cod fiscal
Invoice Note,Notă de factură
Reference,Referinţă
Cancel,Anulare
Device Information,Informatie despre dispozitiv
Voicemail Options,Opțiuni de mesagerie vocală
Mail To,Mail to
Attach File,Ataseaza fisier
Local After Email,Local după e-mail
Send all Message,Trimite tot mesajul
Close,Închide
IP map,Harta IP
Identificador de llamadas,Identificator de apeluri
Add Caller ID,Adăugați ID apelant
Create Reseller,Creați Reseller
Role Name,Nume rol
Outstanding Amount,Suma restanta
To Date,La zi
Before Balance,Înainte de echilibru
Commission Report,Raportul Comisiei
MonthlyFee,Taxă lunară
Grace Time (Sec.),Timpul harului (sec.)
Import DIDs,Importați DID-uri
File must be in the following format,Fișierul trebuie să fie în formatul următor
DID Import Process,Procesul de import DID
Get Sample file,Obțineți un fișier Exemplu
Check Header,Verificați antetul
Select the file,Selectați fișierul
Account Count,Contul contului
Acc. Number Length,Acc. Lungimea numărului
Valid Days,Zile valide
Create Access Number,Creați numărul de acces
Information,informație
Import Access Numbers,Importați numerele de acces
Access Numbers Import Process,Procesul de importare a numerelor de acces
DIDs Bulk Assign,DIDs Bulk Assign
Bulk DID Purchase,Cumpărare DID în vrac
Provience,provience
Assign Number,Număr de alocare
DID Destination,Destinație DID
DID Forward,DID înainte
Always,Mereu
If Busy,Dacă ocupat
If SIP Not Registered,Dacă SIP nu este înregistrat
If No Answer,Dacă nu răspunde
New Rate Group Name,Numele grupului tarif nou
Duplicate Rate Group Information,Informații despre grupul de rate duplicat
Import Origination Rates,Import rata de origine
Force Trunk,Forța trunchiului
Please select atleast one record to dele,Vă rugăm să selectați cel puțin o înregistrare pentru a o elimina
Import Ratedeck,Import Ratedeck
Optional Information,informatii optionale
From- Domain,Din- Domeniu
From User,De la Utilizator
Extension,Extensie
Extension-In-Contact,Extensie-In-Contact
Ping,Ping
Contact Params,Parame de contact
Retry-Seconds,Reîncercați-Secunde
Register-Proxy,Înregistrează-te-Proxy
Channel,Canal
Failover GW Name,Nume de reîncărcare failover
Create Trunk,Creați trunchi
Import Termination Rates,Rata de terminare a importurilor
Call Timeout (Sec.),Interval de apel (sec.)
Trunk List,Lista cu trunchiuri
Reset,restabili
Create SIP Profile,Creați profil SIP
Create Freeswitch Server,Creați Freeswitch Server
Live Calls,Apeluri live
Term Cost,Cost pe termen
Term Destination,Termen Destinație
Term Prefix,Prefixul pe termen
Localizaciones,Localizaciones
Create Localization,Creați localizare
Origination,inițiere
Termination,terminare
Inbound Callerid Translation,Traducere Callerid de intrare
Destination Number Translation,Numărul destinației de traducere
Outbound Callerid Translation,Traducere Callerid în ieșire
Create Call Barring,Creați restricționarea apelurilor
Callbarring Settings,Setări bara de apeluri
Product Summary Report,Raport rezumat produs
SIP User,Utilizator SIP
Product,Produs
Taxes,Impozite
Update Currencies,Actualizați monedele
File Name,Nume de fișier
Database Information,Informații de bază de date
Database Backup,Backup Baza de date
Command,Comanda
Cron Settings,Setări Cron
Create Cron Settings,Creați Setări Cron
Stripe,Dunga
Live Secret key,Cheia secretă în direct
Live Publishable key,Cheie publicabilă în direct
Set Percentage Charges,Setați sarcini procentuale
Set Fix Charges,Setați sarcini fixe
Stripe Mode,Mod Stripe
Sandbox secret key,Cheia secretă a sandboxului
Sandbox publishable key,Cheie publicabilă Sandbox
Version 4.0 Enterprise,Versiunea 4.0 Enterprise
Powered by,Cu sprijinul
Import Customer Using Field Mapper,Importați clientul folosind Field Mapper
You must either select a field from your,Trebuie să selectați un câmp din dvs.
Records with duplicate account number an,Înregistrări cu număr de cont duplicat an
Account Import Error,Eroare la importul contului
Back to Customer List,Înapoi la lista clienților
Duplicate accounts with account number /,Duplică conturile cu numărul contului /
Records imported successfully,Înregistrările importate cu succes
Records not imported,Înregistrări neimportate
Error In CSV File,Eroare în fișierul CSV
Invoice Summary,Rezumatul facturilor
Customer Details,Detalii Client
Invoice Details,Detaliile facturii
Account Number,Numar de cont
Invoice Amount,Valoarea facturii
Invoice Item,Articol de factură
Sub Total,Total total
Total Due,Total datorat
Note,Notă
Add Setting,Adăugare setare
Edit SIP Profile,Editează profilul SIP
New,Nou
Used?,Folosit?
View Email,Vizualizați e-mailul
Active,Activ
Inactive,Inactiv
Black List,Lista neagră
White List,Lista albă
Freeswitch Server Information,Informații despre serverul Freeswitch
Currencies,valute
Edit Currency,Editează moneda
Is Distributor,Este distribuitor
Package created successfully!,Pachet creat cu succes!
DID Removed Successfully.,S-a eliminat cu succes.
DID not found.,DID nu a fost găsit.
Password changed Sucessfully....!!!,Parola s-a schimbat cu succes .... !!!
New Password & Conformpassword not match,Parola nouă și Conformpassword nu se potrivesc
Invalid old passwword.,Passwword vechi nevalid.
Permission Denied!,Acces refuzat!
Refill Coupon amount is added successful,Suma cuponului se completează cu succes
PLease upload maximum file,Încărcați PLAX maxim fișier
files added successfully!,fișiere adăugate cu succes!
File Uploading Fail Please Try Again,Eșecul de încărcare a fișierului Încercați din nou
Please upload only image!,Vă rugăm să încărcați doar imaginea!
Invoice config updated successfully!,Configurare factură actualizată cu succes!
Your Profile Updated Successfully!,Profilul dvs. a fost actualizat cu succes!
Something wrong.Please contact to admini,Ceva nu este în regulă. Vă rugăm să contactați admini
DID Released Successfully!,DID lansat cu succes!
IP already exist in system.,IP există deja în sistem.
IP Added Sucessfully.,IP adăugat cu succes
IP Removed Sucessfully.,IP eliminat cu succes.
SIP Device Updated Successfully!,Dispozitivul SIP a fost actualizat cu succes!
SIP Device Added Successfully!,Dispozitiv SIP adăugat cu succes!
SIP Device Removed Sucessfully!,Dispozitivul SIP a fost eliminat cu succes!
Caller ID Added Sucessfully!,ID-ul apelantului a fost adăugat cu succes!
Please Enter Caller ID value.,Vă rugăm să introduceți valoarea ID-ului apelantului.
Caller ID already Exists.,ID-ul apelantului există deja.
Caller ID removed sucessfully!,ID-ul apelantului a fost eliminat cu succes!
Alert Threshold Updated Successfully!,Pragul de alertă a fost actualizat cu succes!
Can not trnasfer fund to postpaid custom,Nu se poate trnasfer fond pentru personalizat postpagat
Access Denied! unable transfer fund to t,Acces interzis! fond de transfer imposibil la t
You can not transfer fund in same accoun,Nu puteți transfera fonduri în același anunț
You can only transfer fund in same level,Puteți transfera fonduri la același nivel
Please enter To account number.,Vă rugăm să introduceți numărul de cont.
Please enter valid amount.,Vă rugăm să introduceți suma validă.
You have insufficient balance.,Aveți un echilibru insuficient.
Please enter valid account number.,Vă rugăm să introduceți numărul valid al contului.
Please enter amount greater then 0.,Vă rugăm să introduceți suma mai mare decât 0.
You need to enter minimum for fund trans,Trebuie să introduceți minimum pentru tranzacțiile de fonduri
Please enter valid account number!,Vă rugăm să introduceți numărul valid al contului!
Insuffiecient amount !,Suma insuficientă!
Transfer successfully!,Transferă cu succes!
Account number not found.,Numărul contului nu a fost găsit.
OpenSips updated successfully!,OpenSips a fost actualizat cu succes!
Duplicate Username Found.Username Must b,Duplicate Username Found.Username must b
User name is required field.,Numele utilizatorului este obligatoriu câmpul.
Opensips Device Removed Successfully!.,Dispozitivul Opensips a fost eliminat cu succes !.
Speed-dial Number Added Successfully!,Număr de apelare rapidă adăugat cu succes!
Can not delete blank speeddial number,Nu se poate șterge numărul de viteză în gol
Speed-dial Number Removed Successfully!,Număr de apelare rapidă eliminat cu succes!
Pin Updated Successfully!,Pin Actualizat cu succes!
DID Updated Successfully!,DID actualizat cu succes!
for fund transfer.,pentru transfer de fonduri.
You need to enter minimum,Trebuie să introduceți minimum
please enter recharge value,introduceți valoarea reîncărcării
New Password,Parolă Nouă
Old Password,Parola veche
Conform Password,Conform Parola
Letters only please,Scrisori numai vă rog
IP Mapping,Mapare IP
The Coupon Number field must contain onl,Câmpul Număr cupon trebuie să conțină onl
The Coupon Number field have inactive re,Câmpul Număr cupon au reactiv inactiv
This Coupon Number is already in use.,Acest număr de cupon este deja în uz.
This Coupon Number is not found.,Acest număr de cupon nu este găsit.
The Coupon Number field is required.,Câmpul Număr cupon este obligatoriu.
REFILL COUPON RECHARGE,REIMPLAȚI RACHAREA CUPULUI
You just recharged,Tocmai ai reîncărcat
account with The new balance will be,cont cu Noul sold va fi
My Profile,Profilul meu
My Account,Contul meu
Alert Threshold,Pragul de alertă
The Caller ID field is required.,Câmpul ID apelant este obligatoriu.
Change Password,Schimbați parola
Bill Type,Tip de factură
Bill Days,Bill Days
New Products,Produse noi
Active Products,Produse active
Outstanding,remarcabil
Today's Calls,Apelurile de astăzi
Recent Calls,Apeluri recente
The Available DIDs field is required.,Câmpul DID-uri disponibile este obligatoriu.
Please enter your password,Va rugam sa introduceti parola
Please enter your first name,Vă rugăm să introduceți prenumele
Please enter your email,Vă rugăm să introduceți adresa dvs. de email
Please enter valid email,Vă rugăm să introduceți un e-mail valid
This field is required.,Acest câmp este obligatoriu.
Email Setting,Setare prin e-mail
SMTP Password,Parola SMTP
Are you sure want to remove logo?,Sigur doriți să eliminați logo-ul?
The IP field must contain a unique value,Câmpul IP trebuie să conțină o valoare unică
The IP field have not valid IP.,Câmpurile IP nu au un IP valid.
The IP field is required.,Câmpul IP este obligatoriu.
The Name field is required.,Câmpul Nume este obligatoriu.
Please enter only alpha-numeric value,Vă rugăm să introduceți doar o valoare alfa-numerică
Are you sure want to delete speed dial r,Sigur doriți să ștergeți r-ul de apelare rapidă
Generated Date,Data generată
My Products,Produsele mele
Pinless CLI,CLI fără pin
Refill Coupon,Reumpleți cuponul
TopUp,Umple
Pay with Paypal,Plătiți cu PayPal
Pay with Card,Plătiți cu cardul
Assign,Atribui
Send Credit,Trimiteți credit
To Account,În cont
From Account,Din cont
Transfer,Transfer
Telephone 1,Telefon 1
Telephone 2,Telefon 2
Address 2,Adresa 2
Zip/Postal Code,Zip / Cod Poștal
User Profile,Profil de utilizator
Low Balance Alert Level,Nivel de alertă cu sold redus
Enable Email Alerts ?,Activați alertele prin e-mail?
Low Balance Alert Email,E-mail de alertă cu sold redus
User name,Nume de utilizator
Something went to wrong !,Ceva nu a mers bine!
Product Purchased successfully !,Produs achiziționat cu succes!
Insufficent Balance to purchase product ,Soldul insuficient pentru achiziționarea produsului
Product assigned successfully!,Produs alocat cu succes!
Something went wrong !,Ceva n-a mers bine !
Product Not Found,Produsul nu a fost găsit
Transaction has been failed,Tranzacția a eșuat
not inserted. Transaction has been faile,nu este inserat. Tranzacția a fost eșuată
Select Customer.,Selectați Client.
Product Information,Informații despre produs
Price+SetUp Fee,Preț + Taxa SetUp
Use Voucher,Folosiți Voucher
Amount Without Tax,Suma fără taxe
Total Tax,Impozitul total
Amount With Tax,Suma cu impozitul
Parent Products,Produse pentru părinți
Edit Product,Editează produsul
Product updated successfully!,Produs actualizat cu succes!
Product added successfully!,Produs adăugat cu succes!
Product removed successfully!,Produsul eliminat cu succes!
Product optin successfully!,Produs optin cu succes!
Edit Info,Editează informații
Product assign successfully,Alocarea produsului cu succes
Insufficient balance to assign product!,Sold insuficient pentru a atribui produsul!
Terminated Updated Successfully!,Terminat Actualizat cu succes!
Terminated,încheiată
Setup Cost,Cost de instalare
Order New,Comanda nou
Caller ID updated successfully!,ID-ul apelantului a fost actualizat cu succes!
Caller ID added successfully!,ID-ul apelantului a fost adăugat cu succes!
Caller ID removed successfully!,ID-ul apelantului a fost eliminat cu succes!
Name is not contain any space,Numele nu conține niciun spațiu
Name already exist in system.,Numele există deja în sistem.
Callbarring Settings Updated Successfull,Setări de bare de apel actualizate cu succes
allbarring Settings Added Successfully!,Allbarring Setări adăugate cu succes!
Call Barring Removed Successfully!,Limitarea apelurilor a fost eliminată cu succes!
Calltype already exist in system.,Calltype există deja în sistem.
Calltype Updated Successfully!,Calltype actualizat cu succes!
Calltype Added Successfully!,Calltype adăugat cu succes!
calltype removed successfully!,apelul este eliminat cu succes!
File must be in the following format(.cs,Fișierul trebuie să aibă următorul format (.cs
Import Package Codes:,Importarea codurilor pachetului:
Records Imported Successfully:,Înregistrări importate cu succes:
Records Not Imported :,Înregistrări neimportate:
Download Errors,Erori de descărcare
Back to Package Patterns List,Înapoi la lista de modele de pachete
Add To List,Adaugă la listă
Routing Prefix already exist in system.,Prefixul de rutare există deja în sistem.
Rate Group Updated Successfully!,Evaluează grupul actualizat cu succes!
Rate Group Added Successfully!,Evaluează grupul adăugat cu succes!
Duplicate Rate Group Added Successfully!,Grupul de rate duplicat a fost adăugat cu succes!
Routing Prefix (Enterprise),Prefix de rutare (Enterprise)
Priority (Enterprise),Prioritate (întreprindere)
Percentage (WIP) (Enterprise),Procentaj (WIP) (întreprindere)
LCR,LCR
Percentage,Procent
Tax removed successfully!,Impozitul a fost eliminat cu succes!
Tax added successfully!,Impozitul a fost adăugat cu succes!
Tax updated successfully!,Taxă actualizată cu succes!
Charges List,Lista tarifelor
Trunk Updated Successfully!,Truc actualizat cu succes!
Trunk Added Successfully!,Trunchiul a fost adăugat cu succes!
Trunk removed successfully!,Trunchiul a fost eliminat cu succes!
setting updated successfully!,setarea a fost actualizată cu succes!
Template Updated Successfully!,Șablonul actualizat cu succes!
Template Added Successfully!,Șablon adăugat cu succes!
Country Updated successfully!,Țara actualizată cu succes!
Country Added successfully!,Țara adăugată cu succes!
Country removed successfully!,Țara eliminată cu succes!
Currency Updated Successfully!,Moneda actualizată cu succes!
My Rates,Tarifele mele
Cost / Min,Cost / min
Purchase,Cumpărare
Available DIDs,DID-uri disponibile
New IP,IP nou
Digits,Digits
Email Address,Adresa de email
Call Forward,Redirectionare apel
If Busy:,Dacă este ocupat:
If SIP Not Registered:,Dacă SIP nu este înregistrat:
If No Answer:,Dacă nu răspunde:
Pay Now,Plătește acum
Pay with Account,Plătiți cu contul
"Please wait, your order is being processed and you will be redirected to the paypal website.","Vă rugăm să așteptați, comanda dvs. este procesată și veți fi redirecționat către site-ul paypal."
Coupon Number:,Numărul de cupon:
Add Voucher,Adăugați Voucher
Selected Plan,Planul selectat
My Product,Produsul meu
Parent Product,Produsul părintească
Edit Email Template,Editați șablonul de e-mail
Details,Detalii
KEY,CHEIE
VALUE,VALOARE
Records with duplicate account number and email will be ignored.,Înregistrările cu număr de cont duplicat și e-mail vor fi ignorate.
Account Details,Detalii cont
Mass Customer,Client de masă
Daily,Zilnic
Monthly,Lunar
Prepaid,Prepaid
Postpaid,postpaid
Force Caller ID,Identificați numărul apelantului
Customer Profile,Profilul cumpărătorului
Caller Id Name,Numele ID-ului apelantului
Caller Id Number,Număr ID apelant
Blocked Codes,Coduri blocate
Page will display only receipts and confirmed invoices.,Pagina va afișa numai chitanțe și facturi confirmate.
Accessnumber Updated Successfully!,Numărul de acces a fost actualizat cu succes!
Accessnumber Removed Successfully!,Numărul de acces a fost eliminat cu succes!
Invalid file format : Only CSV file allows to import records(Can't import empty file),Format de fișier nevalid: Numai fișierul CSV permite importarea înregistrărilor (Nu pot importa fișierul gol)
Please Select File.,Selectați Fișier.
 are required,sunt necesare
 is Required,este necesară
 is not Valid,nu e valid
Duplicate accessnumber found from database,Numărul de acces duplicat găsit din baza de date
Duplicate accessnumber found from import file.,Numărul de acces duplicat găsit din fișierul de import.
Total,Total
AccessNumber Imported Successfully!,AccessNumber Imported cu succes!
Records Not Imported:,Înregistrări neimportate:
Back to AccessNumber List,Înapoi la Lista AccessNumber
Speed Dial Number Updated Successfully,Numărul de apelare rapidă actualizat cu succes
Please insert only numeric value!,Vă rugăm să introduceți doar o valoare numerică!
Speed Dial Number Removed Successfully,Numărul de apelare rapidă eliminat cu succes
Speed Dial Number is Empty,Numărul de apelare rapidă este gol
Sip Device removed successfully!,Dispozitivul Sip a fost eliminat cu succes!
Sip updated successfully!,Sip actualizate cu succes!
Block Code Removed Sucessfully!,Codul eliminat cu succes!
Your Account Limit has been reached.Please Change Your Prefix.,Limita contului dvs. a fost atinsă. Vă rugăm să schimbați prefixul.
Please Enter Proper Account Length.,Vă rugăm să introduceți Lungimea contului corect.
Bulk customer generate successfully!,Clientul masiv generează cu succes!
Recharge successfully!,Reîncărcați-vă cu succes!
Post charge applied successfully.,Postarea se aplică cu succes.
Account callerID updated successfully!,Apelatorul de cont a fost actualizat cu succes!
Account callerID added successfully!,ID-ul apelant de cont a fost adăugat cu succes!
Reseller updated successfully!,Revânzător actualizat cu succes!
Reseller added successfully!,Distribuitor adăugat cu succes!
Updated successfully!,Actualizat cu succes!
Added Successfully!,Adăugat cu succes!
Customer batch updated successfully!,Lotul de clienți a fost actualizat cu succes!
Reseller batch updated successfully!,Lot revânzător actualizat cu succes!
Customer Removed Successfully!,Clientul a fost eliminat cu succes!
Reseller Removed Successfully!,Revânzător eliminat cu succes!
Provider Removed Successfully!,Furnizorul a fost eliminat cu succes!
Admin Removed Successfully!,Administrator eliminat cu succes!
Sub Admin Removed Successfully!,Subadministrare eliminată cu succes!
DID Added Successfully.,S-a adăugat cu succes DID
DID Already Removed Before.,DID deja eliminat înainte.
Account Tax Added Successfully!,Impozitul pe cont a fost adăugat cu succes!
Account Tax Removed Successfully!,Impozitul pe cont a fost eliminat cu succes!
Product Removed Sucessfully.,Produs eliminat cu succes
Email Resend Successfully!,E-mail Trimiteți cu succes!
Email List Updated Successfully!,Lista de e-mail a fost actualizată cu succes!
Email List Added Successfully!,Lista de e-mail a fost adăugată cu succes!
Email Removed Successfully!,E-mail eliminat cu succes!
Please Try Again!,Vă rugăm să încercați din nou!
Email BroadCast Successfully!,E-mail BroadCast cu succes!
No Record Found!,Nicio inregistrare gasita!
Email Address Not Found!,Adresa de e-mail nu a fost găsită!
Edit Freeswitch SIP Devices,Editează dispozitive SIP Freeswitch
Create Freeswitch SIP Devices,Creați dispozitive SIP Freeswitch
Gateway Updated Successfully!,Gateway-ul a fost actualizat cu succes!
Gateways already exist in system.,Gateway-urile există deja în sistem.
Gateway name must not have any space.,Numele gateway-ului nu trebuie să aibă spațiu.
Gateway Added Successfully!,Gateway adăugat cu succes!
Gateway Removed Successfully!,Gateway a fost eliminat cu succes!
Please enter All profile value!,Vă rugăm să introduceți valoarea de profil!
SIP Profile name must not have any space!,Numele profilului SIP nu trebuie să aibă spațiu!
Duplicate SIP IP OR Port found it must be unique!,Duplicat IP SIP sau port S-a găsit că trebuie să fie unic!
SIP Profile Added Successfully!,Profil SIP adăugat cu succes!
Name must be unique!,Numele trebuie să fie unic!
SIP Profile Updated Successfully!,Profilul SIP a fost actualizat cu succes!
SIP Setting Added Successfully!,Setarea SIP a fost adăugată cu succes!
SIP Setting Updated Successfully!,Setarea SIP a fost actualizată cu succes!
SIP Setting Removed Successfully!,Setarea SIP a fost eliminată cu succes!
SIP Profile Removed Successfully!,Profilul SIP a fost eliminat cu succes!
Host Already Exist in System.,Gazda există deja în sistem.
Freeswitch Server Updated Successfully!,Server Freeswitch Actualizat cu succes!
Freeswitch Server Added Successfully!,Serverul Freeswitch a fost adăugat cu succes!
Freeswitch Server Removed Successfully!,Serverul Freeswitch a fost eliminat cu succes!
Invoice updated successfully!,Factura actualizată cu succes!
Invoice payment done successfully!,Plata facturilor efectuate cu succes!
Account Not Found.,Contul nu a fost găsit.
Invoice payment amount should be higher then the invoice amount.,Valoarea plății facturilor ar trebui să fie mai mare decât valoarea facturii.
The Favicon file size shoud not exceed 1MB!,Dimensiunea fișierului Favicon nu trebuie să depășească 1MB!
Please upload 250 * 60 size file,Vă rugăm să încărcați fișierul de dimensiuni 250 * 60
Logo only allows file types of JPG and JPEG.,Logo-ul permite numai tipurile de fișiere JPG și JPEG.
"Favicon only allows file types of ICO, PNG, JPG and JPEG.","Favicon permite numai tipuri de fișiere de ICO, PNG, JPG și JPEG."
Please upload 16 * 16 size of favicon.,Vă rugăm să încărcați mărimea favicon 16 * 16.
Company profile updated sucessfully!,Profilul companiei a fost actualizat cu succes!
Company profile added sucessfully!,Profilul companiei a fost adăugat cu succes!
Permission Denied.,Acces refuzat.
is Deleted Sucessfully!,este șters cu succes!
To date should not be greater than current date.,Până în prezent nu trebuie să fie mai mare decât data curentă.
Invoice generation completed.,Generarea facturilor a fost finalizată.
No data found,Nu s-au gasit date
Invoices removed successfully,Facturile eliminate cu succes
The Prefix field must contain a unique value.,Câmpul Prefix trebuie să conțină o valoare unică.
The IP field must contain a unique value.,Câmpul IP trebuie să conțină o valoare unică.
IP Map added successfully!,Harta IP adăugată cu succes!
IP Map removed successfully!,Harta IP a fost eliminată cu succes!
Localization Added Successfully!,Localizare adăugată cu succes!
Localization Updated Successfully!,Localizare actualizată cu succes!
Localization Removed Successfully!,Localizare eliminată cu succes!
Globalization is already exist in this system,Globalizarea există deja în acest sistem
Dispatcher Updated Successfully!,Distribuitor actualizat cu succes!
Dispatcher Added Successfully!,Distribuitor adăugat cu succes!
Dispatcher Removed Successfully!,Distribuitorul a fost eliminat cu succes!
Code is already in system,Codul este deja în sistem
Country is already in system,Țara este deja în sistem
Ratedeck updated successfully!,Ratedeck a fost actualizat cu succes!
Ratedeck added successfully!,Ratedeck a fost adăugat cu succes!
Ratedeck removed successfully!,Ratedeck a fost eliminat cu succes!
Duplicate Ratedeck Number found from import file.,Numărul duplicat Ratedeck găsit din fișierul de import.
Ratedeck Imported Successfully!,Ratedeck importat cu succes!
Ratedeck Import Error,Eroare la importul Ratedeck
Back to Ratedeck List,Înapoi la lista Ratedeck
Origination Rate Imported Successfully!,Rata de origine importată cu succes!
Origination Rate Updated Successfully!,Rata de origine a fost actualizată cu succes!
Origination Rate Added Successfully!,Rata de origine a fost adăugată cu succes!
Termination Rates Batch Updated Successfully!,Tarifele de terminare Lotul actualizat cu succes!
Map CSV to Termination Rates,Hartă CSV la tarifele de terminare
Data Example,Exemplu de date
Map to Field,Harta către câmp
PREFIX/DEFAULT VALUE,PREFIX / VALOARE DEFAȚĂ
ASTPP Field,Câmpul ASTPP
Created,Creată
Modified,Modificat
You can not create,Nu puteți crea
Refill coupon with,Reumpleți cuponul cu
You can create maximum,Puteți crea maximum
Refill coupon created successfully!,Reumpleți cuponul creat cu succes!
Currency Added Successfully!,Monedă adăugată cu succes!
Currency Removed Successfully!,Moneda eliminată cu succes!
Backup Exported Successfully!,Copie de rezervă exportată cu succes!
An error occur when the system tried to backup of the database. Please check yours system settings for the backup section,A apărut o eroare atunci când sistemul a încercat backup-ul bazei de date. Vă rugăm să verificați setările sistemului dvs. pentru secțiunea de rezervă
Database Restore successfully.,Restaurarea bazei de date cu succes.
File not exists!,Fișierul nu există!
There is a some issue or invalid file format.,Există o anumită problemă sau un format de fișier nevalid.
Database backup deleted successfully.,Backup-ul bazei de date a fost șters cu succes.
Languages updated successfully!,Limbile actualizate cu succes!
Languages removed successfully!,Limbile eliminate cu succes!
Languages added successfully!,Limbi adăugate cu succes!
Translation updated successfully!,Traducere actualizată cu succes!
Translation added successfully!,Traducere adăugată cu succes!
Update Languages,Actualizați limbile
Speed Dial,Apelare rapida
Payment,Plată
Method,Metodă
"Once you confirm the invoice, you will no longer able to update it again.","După ce confirmați factura, nu veți mai putea să o actualizați din nou."
Payment Gateway Permission,Permis de gateway de plată
Zip Code,Cod postal
Yes,da
Back,Înapoi
Edit Reseller,Editează Reseller
Asignar DID a granel,Asignar DID a granel
DIDs Search,Căutare DID-uri
By Month,Pe lună
Create Gateway,Creați gateway
Calling Card Language,Limba cartelelor de apel
Last,Ultimul
Pay Date,Data plății
Purchase DID,Cumpărare DID
Caller-ID-A-Form,Caller-ID-A-Form
Expire Seconds,Expira secunde
Termination Date,Data încetării
Registration Date,Data Înregistrării
Payment By,Plată de către
Product Status,Starea produsului
Minute,Minut
Hour,Ora
Day,Zi
Month,Lună
Year,An
List,Listă
Edit,Editați | ×
Not Avaialable any Subscription.,Nu este disponibil niciun Abonament.
Not Avaialable any Package for this Country.,Nu este disponibil niciun pachet pentru această țară.
You can only transfer fund in same level account.,Puteți transfera fonduri doar în același nivel de cont.
You can not transfer fund in same account.,Nu puteți transfera fonduri în același cont.
Monthly Fee,Taxă lunară
Bulk DID Assign,Atribuirea DID Bulk
Invoice Start From,Factură pornește de la
Edit Gateway,Modifica Gateway
Number Of Default Rows,Numărul de rânduri implicite
Mobile Dialer,Dialer mobil
Trunk Count,Contul trunchiului
Welcome File,Bine ați venit fișierul
Local Call Timeout (Sec.),Interval de apel local (sec.)
Rate check for DID,Verificarea tarifului pentru DID
DID Localization,Localizare DID
Voicemail Number,Număr vocal
OTP Expire Time(min),Timp de expirare OTP (min)
Edit Provider,Editați Furnizorul
Product Summary Reports,Rapoarte rezumat produs
Edit Origination Rate,Modificați rata de origine
Dialplan Variable,Variabilă Dialplan
Uninstall,Dezinstalați
Call Stat,Call Stat
Failed Calls,Apeluri eșuate
Top 10 Countries,Top 10 țări
By Minutes,După procesul-verbal
By Calls,Prin apeluri
Telephone number is only numeric,Numărul de telefon este numai numeric
Please enter valid Captcha code,Vă rugăm să introduceți codul Captcha valid
Please contact to administrator,Vă rugăm să contactați administratorul
Requested email is already exist,E-mailul solicitat există deja
Requested number is already exist,Numărul solicitat este deja existent
Please enter correct words!,Vă rugăm să introduceți cuvinte corecte!
THIS IS REQUIRED!,ACEST ESTE NECESAR!
Your account has been deleted. Please contact administrator for more information.,Contul dvs. a fost șters. Vă rugăm să contactați administratorul pentru mai multe informații.
Your account is inactive. Please contact administrator for more information.,Contul dvs. este inactiv. Vă rugăm să contactați administratorul pentru mai multe informații.
Please enter proper Email.,Vă rugăm să introduceți un e-mail corespunzător.
Please enter proper Username.,Vă rugăm să introduceți un nume de utilizator corespunzător.
This Username or Email is not valid.,Acest nume de utilizator sau e-mail nu este valid.
ASTPP - A Smart TelePhony Platform,ASTPP - O platformă inteligentă de telePhony
Forgot Password,Ați uitat parola
ASTPP work best with JavaScript enabled,ASTPP funcționează cel mai bine cu JavaScript activat
Enter Your Password,Introduceți parola
Confirm Password,confirma parola
The Email field is Required,Câmpul e-mail este obligatoriu
The Account Number field is Required,Câmpul Număr cont este obligatoriu
Set Default Language,Setați limba implicită
Please Re-login to get Impact of selected language.,Vă rugăm să vă autentificați din nou pentru a avea efectul limbii selectate.
Default Language,Limba implicita
Signup now!,Inscrie-te acum!
Forgot Password?,Ați uitat parola?
Sign in,conectare
Username OR Email,Nume de utilizator sau email
Username is Required,Numele de utilizator este necesar
Password is Required,Parola este necesara
"Please Check Your account is deleted or inactive from admin side, please contact to your administrator","Verificați Contul dvs. este șters sau inactiv din partea admin, vă rugăm să contactați administratorul"
Please do not use default or less secure password for your account!! You must change password from,Vă rugăm să nu folosiți parola implicită sau mai puțin sigură pentru contul dvs. !! Trebuie să schimbați parola de la
HERE,AICI
"Login unsuccessful. Please make sure you entered the correct username and password, and that your account is active",Autentificare eșuată Vă rugăm să vă asigurați că ați introdus numele de utilizator și parola corecte și că contul dvs. este activ
Please enter Username/email and Password.,Vă rugăm să introduceți numele de utilizator / e-mail și parola.
Payment transaction invalid. Please contact Administrator.,Tranzacția de plată este nevalidă. Vă rugăm să contactați administratorul.
Log In,Logare
Please Enter Password,Te rog introdu parola
"Password must be at least 8 characters and must contain at least one lower case letter, one upper case letter and one digit","Parola trebuie să aibă cel puțin 8 caractere și trebuie să conțină cel puțin o litere mici, una cu majuscule și o cifră"
Please Enter Confirm Password,Vă rugăm să introduceți Confirmați parola
Confirm Password is not match,Confirmați parola nu se potrivește
We sent update password link.,Am trimis un link de actualizare a parolei.
Please check your Email!,Vă rugăm să verificați email-ul!
Login,Logare
OTP Verification,Verificare OTP
OTP Number is Required,Numărul OTP este obligatoriu
Your account created successfully and account details sent to your registered email address,"Contul dvs. a fost creat cu succes, iar detaliile contului dvs. au fost trimise la adresa dvs. de e-mail înregistrată"
Your password change successfully and new password sent to your registered email address,Parola dvs. se schimbă cu succes și noua parolă este trimisă la adresa dvs. de e-mail înregistrată
OTP Number is Wrong Please try again Or OTP expire Please Resend,Numărul OTP este greșit Vă rugăm încercați sau OTP expiră Vă rugăm să trimiteți
OTP has been sent on your email or Telephone number,OTP a fost trimis pe adresa dvs. de e-mail sau numărul de telefon
OTP,OTP
Resend OTP,Remiteți OTP
OTP Sent time Out,OTP Timp trimis
Not Get OTP ?,Nu primiți OTP?
Note:,Notă:
Please make sure do not refresh the page or don't go back,Asigurați-vă că nu reîmprospătați pagina sau nu vă întoarceți
"Login unsuccessful. Please make sure you entered the correct username and password, and that your account is active.",Autentificare eșuată Vă rugăm să vă asigurați că ați introdus numele de utilizator și parola corecte și că contul dvs. este activ.
Your account has been created successfully!,Contul dvs. a fost creat cu succes!
Here is your login information,Iată informațiile de autentificare
Link is Expire Please Try Again,Linkul expiră Vă rugăm încercați din nou
"Sorry, we cannot process for singup at this time.","Ne pare rău, în acest moment nu putem procesa pentru singup."
Please contact administrator for more information,Vă rugăm să contactați administratorul pentru mai multe informații
Successful!,De succes!
Captcha is required,Captcha este necesar
First Name is Required,Prenume este obligatoriu
Telephone is Required,Telefonul este obligatoriu
Email is Required,E-mailul este obligatoriu
Please enter a valid email address,te rog introdu o adresa de email valida
"Please make sure you entered the correct username and password, and that your account is active.",Vă rugăm să vă asigurați că ați introdus numele de utilizator și parola corecte și că contul dvs. este activ.
Company Name,Numele Companiei
Enter above Captcha,Introduceți mai sus Captcha
Sign up,Inscrie-te
Already Registered !,Deja înregistrat !
January,ianuarie
February,februarie
March,Martie
April,Aprilie
May,Mai
June,iunie
July,iulie
August,August
September,Septembrie
October,octombrie
November,noiembrie
December,decembrie
Doesn't Contain,Nu conține
Greater Than,Mai mare ca
Less Than,Mai puțin decât
Greater Or Equal Than,Mai mare sau egal
Less Or Equal Than,Mai puțin sau egal
Set To,Setat la
Increase By,Crestere cu
Decrease By,Scade prin
Community,Comunitate
You must either select a field from your file OR provide a default value for the following fields:,"Trebuie să selectați fie un câmp din fișierul dvs., fie să furnizați o valoare implicită pentru următoarele câmpuri:"
Note : Records with duplicate account number and email will be ignored.,Notă: Înregistrările cu număr de cont duplicat și e-mail vor fi ignorate.
Map CSV to Customers,Hartă CSV către clienți
Account Information,informatii despre cont
Select Account,Selectați Cont
DEFAULT VALUE,VALOARE IMPLICITĂ
SIP Username,Nume utilizator SIP
sip_username,sip_username
SIP Password,Parolă SIP
Same as Password,La fel ca Parola
Same as Account Number,La fel ca numărul contului
Random,Întâmplător
Import File Data.,Importați fișierele.
Process Records,Înregistrări de proces
Note : Duplicate accounts with account number / email are ignored.,Notă: conturile duplicate cu numărul de cont / e-mailul sunt ignorate.
Remove,Elimina
Number of Account,Numărul de cont
Account Number Length,Lungimea numărului contului
"DID (CLI Match, If not matched then use random allocated DID)","DID (potrivire CLI, dacă nu este potrivită, atunci utilizați DID alocat aleatoriu)"
"Caller Id (CLI Match, If not matched then use random allocated Caller Id)","ID apelant (potrivire CLI, dacă nu se potrivește, atunci utilizați codul apelant alocat aleatoriu)"
Use NON-CLI Rate Group (If CLI not match with DID),Folosiți grupul de rate NON-CLI (Dacă CLI nu se potrivește cu DID)
Use NON-CLI Rate Group (If CLI not match with Caller ID),Folosiți grupul de rate NON-CLI (Dacă CLI nu se potrivește cu ID-ul apelantului)
Use NON-CLI Rate Group (If CLI not match with DID & Caller id),Folosiți grupul de rate NON-CLI (Dacă CLI nu se potrivește cu ID-ul DID și apelant)
Reject Call (If CLI not match with DID),Respingeți apelul (dacă CLI nu se potrivește cu DID)
Reject Call (If CLI not match with Caller ID),Respingeți apelul (dacă CLI nu se potrivește cu ID-ul apelantului)
Reject Call (If CLI not match with DID & Caller id),Respingeți apelul (dacă CLI nu se potrivește cu DID și ID-ul apelantului)
--Select--,--Selectați--
Test Mail,Mesaj de testare
Reset Password,Reseteaza parola
AFGHANISTAN,AFGANISTAN
ALBANIA,ALBANIA
ALGERIA,ALGERIA
AMERICAN SAMOA,SAMOA AMERICANĂ
ANDORRA,ANDORRA
ANGOLA,ANGOLA
ANGUILLA,ANGUILLA
ANTIGUA & BARBUDA,ANTIGUA & BARBUDA
ARGENTINA,ARGENTINA
ARMENIA,ARMENIA
ARUBA,ARUBA
AUSTRALIA,AUSTRALIA
AUSTRIA,AUSTRIA
AZERBAIJAN,AZERBAIDJAN
BAHAMAS,BAHAMAS
BAHRAIN,BAHRAIN
BANGLADESH,BANGLADESH
BARBADOS,BARBADOS
BELARUS,BIELORUSIA
BELGIUM,BELGIA
BELIZE,BELIZE
BENIN,BENIN
BERMUDA,BERMUDA
BHUTAN,BHUTAN
BOLIVIA,BOLIVIA
BOSNIA AND HERZEGOVINA,BOSNIA SI HERTEGOVINA
BOTSWANA,BOTSWANA
BRAZIL,BRAZILIA
BRITISH VIRGIN ISLANDS,INSULELE VIRGINE BRITANICE
BRUNEI,BRUNEI
BULGARIA,BULGARIA
BURKINA FASO,BURKINA FASO
BURUNDI,BURUNDI
CAMBODIA,CAMBOGIA
CAMEROON,CAMERUN
CANADA,CANADA
CAPE VERDE,CAPUL VERDE
CAYMAN ISLANDS,INSULELE CAYMAN
CENTRAL AFRICAN REPUBLIC,REPUBLICA CENTRALĂ AFRICANĂ
CHAD,CIAD
CHILE,CHILE
CHINA,CHINA
COLOMBIA,COLUMBIA
COMOROS,COMOROS
CONGO,CONGO
COSTA RICA,COSTA RICA
CROATIA,CROAŢIA
CUBA,CUBA
CYPRUS,CIPRU
CZECH REPUBLIC,REPUBLICA CEHĂ
DEMOCRATIC REPUBLIC,REPUBLICĂ DEMOCRATĂ
DENMARK,DANEMARCA
DJIBOUTI,DJIBOUTI
DOMINICA,DOMINICA
DOMINICAN REPUBLIC,REPUBLICA DOMINICANA
ECUADOR,ECUADOR
EGYPT,EGIPT
EL SALVADOR,EL SALVADOR
EQUATORIAL GUINEA,GUINEEA ECUATORIALĂ
ERITREA,ERITREEA
ERITREA,ERITREEA
ETHIOPIA,ETIOPIA
FAEROE ISLANDS,ISOLURILE FAEROE
FIJI ISLANDS,INSURILE FIJI
FINLAND,FINLANDA
FRANCE,FRANŢA
FRENCH GUIANA,GUIANA FRANȚĂ
FRENCH POLYNESIA,POLINEZIA FRANCEZĂ
GABON,GABON
GAMBIA,GAMBIA
GEORGIA,GEORGIA
GERMANY,GERMANIA
GHANA,GHANA
GIBRALTAR,GIBRALTAR
GREECE,GRECIA
GRENADA,GRENADA
GUADELOUPE,GUADELUPA
GUAM,GUAM
GUATEMALA,GUATEMALA
GUINEA,GUINEEA
GUINEA BISSAU,GUINEA BISSAU
GUYANA,GUYANA
HAITI,HAITI
HONDURAS,HONDURAS
HONG KONG,HONG KONG
HUNGARY,UNGARIA
ICELAND,ISLANDA
INDIA,INDIA
INDONESIA,INDONEZIA
IRAN,IRAN
IRAQ,IRAK
IRELAND,IRLANDA
ISRAEL,ISRAEL
ITALY,ITALIA
IVORY COAST,COASTA DE FILDES
JAMAICA,JAMAICA
JAPAN,JAPONIA
JORDAN,IORDANIA
KAZAKHSTAN,KAZAHSTAN
KENYA,KENYA
KOSOVO,KOSOVO
KUWAIT,KUWEIT
KYRGYZSTAN,KÂRGÂZSTAN
LAOS,LAOS
LATVIA,LETONIA
LEBANON,LIBAN
LESOTHO,LESOTHO
LIBERIA,LIBERIA
LIBYA,LIBIA
LIECHTENSTEIN,LIECHTENSTEIN
LITHUANIA,LITUANIA
LUXEMBOURG,LUXEMBURG
MACAU,MACAU
MACEDONIA,MACEDONIA
MADAGASCAR,MADAGASCAR
MALAWI,MALAWI
MALAYSIA,MALAEZIA
MALI,MALI
MALTA,MALTA
MARSHALL ISLANDS,INSULELE MARSHALL
MARTINIQUE,MARTINICA
MAURITANIA,MAURITANIA
MAURITIUS,MAURITIUS
MEXICO,MEXIC
MICRONESIA,MICRONEZIA
MOLDOVA,MOLDOVA
MONACO,MONACO
MONGOLIA,MONGOLIA
MONTENEGRO,MUNTENEGRU
MONTSERRAT,MONTSERRAT
MOROCCO,MAROC
MOZAMBIQUE,MOZAMBIC
MYANMAR,MYANMAR
NAMIBIA,NAMIBIA
NEPAL,NEPAL
NETHERLANDS,OLANDA
NEW CALEDONIA,NOUA CALEDONIE
NEW ZEALAND,NOUA ZEELANDA
NICARAGUA,NICARAGUA
NIGER,NIGER
NIGERIA,NIGERIA
NO. MARIANA ISLANDS,NU. INSULI MARIANA
NORTH KOREA,COREEA DE NORD
NORWAY,NORVEGIA
OMAN,OMAN
PAKISTAN,PAKISTAN
PALAU,PALAU
PANAMA,PANAMA
PARAGUAY,PARAGUAY
PERU,PERU
PHILIPPINES,FILIPINE
POLAND,POLONIA
PORTUGAL,PORTUGALIA
PUERTO RICO,PUERTO RICO
QATAR,QATAR
REUNION ISLAND,ISOLA REUNIUNII
ROMANIA,ROMÂNIA
RUSSIAN FEDERATION,FEDERAȚIA RUSĂ
RWANDA,RWANDA
SAN MARINO,SAN MARINO
SAUDI ARABIA,ARABIA SAUDITĂ
SENEGAL,SENEGAL
SERBIA,SERBIA
SEYCHELLES ISLANDS,ISULURILE SEYCHELLES
SIERRA LEONE,SIERRA LEONE
SINGAPORE,SINGAPORE
SLOVAKIA,SLOVACIA
SLOVENIA,SLOVENIA
SOMALIA,SOMALIA
SOUTH AFRICA,AFRICA DE SUD
SOUTH KOREA,COREEA DE SUD
SOUTH SUDAN,SUDUL SUDANULUI
SPAIN,SPANIA
SRI LANKA,SRI LANKA
ST. KITTS,SF. KITTS
ST. LUCIA,SF. LUCIA
ST. MARTIN,SF. MARTIN
ST. PIERRE & MIQUELON,SF. PIERRE & MIQUELON
ST. VINCENT,SF. VINCENT
SUDAN,SUDAN
SURINAME,SURINAM
SWAZILAND,SWAZILAND
SWEDEN,SUEDIA
SWITZERLAND,ELVEŢIA
SYRIA,SIRIA
TAIWAN,TAIWAN
TAJIKISTAN,TADJIKISTAN
TANZANIA,TANZANIA
THAILAND,TAILANDA
TRINIDAD & TOBAGO,TRINIDAD & TOBAGO
TUNISIA,TUNISIA
TURKEY,CURCAN
TURKMENISTAN,TURKMENISTAN
TURKS & CAICOS ISLANDS,TURKS & ILICII CAICOS
UGANDA,UGANDA
UKRAINE,UCRAINA
UNITED ARAB EMIRATES,EMIRATELE ARABE UNITE
UNITED KINGDOM,REGATUL UNIT
URUGUAY,URUGUAY
US VIRGIN ISLANDS,Insulele VIRGINE SUA
United States,Statele Unite
UZBEKISTAN,UZBEKISTAN
VENEZUELA,VENEZUELA
VIETNAM,VIETNAM
YEMEN,YEMEN
ZAMBIA,ZAMBIA
ZIMBABWE,ZIMBABWE
ASCENSION,ASCENSIUNE
COOK ISLANDS,ISOLURI DE COAC
EAST TIMOR,TIMORUL DE EST
FALKLAND ISLANDS,INSULELE FALKLAND
GREENLAND,GROENLANDA
KIRIBATI,KIRIBATI
MALDIVES,MALDIVE
NAURU,NAURU
Albanian Lek,Lek albanez
Algerian Dinar,Dinar algerian
Aluminium Ounces,Uncii de aluminiu
Argentine Peso,Peso argentinian
Aruba Florin,Aruba Florin
Australian Dollar,Dolar australian
Bahamian Dollar,Dolar Bahamian
Bahraini Dinar,Dinar Bahraini
Bangladesh Taka,Bangladesh Taka
Barbados Dollar,Dolar Barbados
Belarus Ruble,Rubla din Belarus
Belize Dollar,Dolar Belize
Bermuda Dollar,Dolarul Bermudelor
Bhutan Ngultrum,Bhutan Ngultrum
Bolivian Boliviano,Boliviano bolivian
Brazilian Real,Real brazilian
British Pound,Lira sterlină
Brunei Dollar,Dolar Brunei
Bulgarian Lev,Lev bulgar
Burundi Franc,Franc Burundi
Cambodia Riel,Cambodgia Riel
Canadian Dollar,Dolarul canadian
Cayman Islands Dollar,Dolar Insulele Cayman
CFA Franc (BCEAO),Franc CFA (BCEAO)
CFA Franc (BEAC),Franc CFA (BEAC)
Chilean Peso,Peso chilien
Chinese Yuan,Yuan chinezesc
Colombian Peso,Peso columbian
Comoros Franc,Comoros Franc
Copper Ounces,Uncii de cupru
Costa Rica Colon,Costa Rica Colon
Croatian Kuna,Kuna croată
Cuban Peso,Peso cubanez
Cyprus Pound,Lira Ciprului
Czech Koruna,Koruna cehă
Danish Krone,Danezul Krone
Dijibouti Franc,Franc Dijibouti
Dominican Peso,Peso Dominicană
East Caribbean Dollar,Dolarul Caraibelor de Est
Ecuador Sucre,Ecuador Sucre
Egyptian Pound,Lira egipteană
El Salvador Colon,El Salvador Colon
Eritrea Nakfa,Eritrea Nakfa
Estonian Kroon,Kroon estonian
Ethiopian Birr,Birr etiopian
Euro,Euro
Falkland Islands Pound,Lira Insulelor Falkland
Gambian Dalasi,Dalasi gambian
Ghanian Cedi,Ghanian Cedi
Gibraltar Pound,Lira Gibraltarului
Gold Ounces,Uncii de aur
Guatemala Quetzal,Guatemala Quetzal
Guinea Franc,Guinea Franc
Haiti Gourde,Haiti Gourde
Honduras Lempira,Honduras Lempira
Hong Kong Dollar,Dolar Hong Kong
Hungarian ForINT,Ungaria FORINT
Iceland Krona,Croația Islandei
Indian Rupee,Rupă indiană
Indonesian Rupiah,Rupia indoneziană
Iran Rial,Iran Rial
Israeli Shekel,Shekel israelian
Jamaican Dollar,Dolar Jamaican
Japanese Yen,Yen japonez
Jordanian Dinar,Dinar iordanian
Kazakhstan Tenge,Kazahstan Tenge
Kenyan Shilling,Șilinul kenian
Korean Won,Won coreean
Kuwaiti Dinar,Dinarul din Kuweiti
Lao Kip,Lao Kip
Latvian Lat,Letonia Lat
Lebanese Pound,Lira libaneză
Lesotho Loti,Lesoto Loti
Libyan Dinar,Dinar libian
Lithuanian Lita,Lita lituaniană
Macau Pataca,Macau Pataca
Macedonian Denar,Denar macedonean
Malagasy Franc,Franc malgaș
Malawi Kwacha,Malawi Kwacha
Malaysian Ringgit,Ringgit malaezian
Maldives Rufiyaa,Maldive Rufiyaa
Maltese Lira,Lira malteză
Mauritania Ougulya,Mauritania Ougulya
Mauritius Rupee,Mauritia Rupă
Mexican Peso,Peso mexican
Moldovan Leu,Leu moldovenesc
Mongolian Tugrik,Tugrik mongol
Moroccan Dirham,Dirham marocan
Mozambique Metical,Mozambic Metical
Namibian Dollar,Dolar namibian
Nepalese Rupee,Rupă nepaleză
Neth Antilles Guilder,Neth Antilles Guilder
New Turkish Lira,Noua liră turcească
New Zealand Dollar,Dolarul din Noua Zeelandă
Nicaragua Cordoba,Nicaragua Cordoba
Nigerian Naira,Nigerian Naira
Norwegian Krone,Krone norvegiană
Omani Rial,Omani Rial
Pacific Franc,Francul Pacificului
Pakistani Rupee,Rupă pakistaneză
Palladium Ounces,Unguente de paladiu
Panama Balboa,Panama Balboa
Papua New Guinea Kina,Papina Noua Guinee Kina
Paraguayan Guarani,Paraguayul Guarani
Peruvian Nuevo Sol,Sol Peruvian Nuevo
Philippine Peso,Peso filipinez
Platinum Ounces,Uncii de platină
Polish Zloty,Zlot polonez
Qatar Rial,Qatar Rial
Romanian Leu,Leu românesc
Romanian New Leu,Leu nou românesc
Russian Rouble,Rubla rusească
Rwanda Franc,Franc Rwanda
Samoa Tala,Samoa Tala
Sao Tome Dobra,Sao Tome Dobra
Saudi Arabian Riyal,Arabia Saudită Riyal
Seychelles Rupee,Rupia Seychelles
Sierra Leone Leone,Sierra Leone Leone
Silver Ounces,Uncii de argint
Singapore Dollar,Dolarul de Singapore
Slovak Koruna,Koruna slovacă
Slovenian Tolar,Tolar sloven
Somali Shilling,Shilling somalian
South African Rand,Rand sud-african
Sri Lanka Rupee,Rupă din Sri Lanka
St Helena Pound,Lira Sf. Elena
Sudanese Dinar,Dinar sudanez
Surinam Guilder,Surinam Guilder
Swaziland Lilageni,Swaziland Lilageni
Swedish Krona,Krona suedeză
Swiss Franc,Franc elvetian
Syrian Pound,Lira siriană
Taiwan Dollar,Dolarul Taiwanului
Tanzanian Shilling,Shilling tanzanian
Thai Baht,Baht thailandez
Tonga Paanga,Tonga Paanga
Trinidad&Tobago Dollar,Dolarul Trinidad-Tobago
Tunisian Dinar,Dinar tunisian
U.S. Dollar,Dolar american
UAE Dirham,Emiratele Arabe Unite
Ugandan Shilling,Șilin Ugandan
Ukraine Hryvnia,Hryvnia Ucrainei
Uruguayan New Peso,Peso uruguayan nou
Vanuatu Vatu,Vanuatu Vatu
Venezuelan Bolivar,Bolivarul venezuelean
Vietnam Dong,Vietnam Dong
Yemen Riyal,Yemen Riyal
Zambian Kwacha,Kwacha din Zambian
Zimbabwe Dollar,Dolarul din Zimbabwe
Guyana Dollar,Dolarul Guyanei
Aruban florin,Florin Aruban
Armenian dram,Dram armenesc
Azerbaijani manat,Manat azer
Barbadian dollar,Dolar Barbadian
Bosnian Convertible Marka,Marka convertibilă bosniacă
Botswana pula,Pula din Botswana
Cape Verdean escudo,Capul Verde escudo
Congolese franc,Franc congolez
Fijian Dollar,Dolarul Fijian
CFP franc,Franc CFP
Georgian lari,Georgian lari
Iraqi dinar,Dinar irakian
Kyrgyzstani som,Kirghizstani som
Liberian dollar,Dolar liberian
Malagasy ariary,Arias malgaș
Burmese Kyat,Birmanul Kyat
North Korean won,Coreea de Nord a câștigat
nuevo sol,nuevo sol
Serbian dinar,Dinar sârb
South Korean won,Coreea de Sud a câștigat
South Sudanese pound,Lira sudaneză sudică
Sudanese pound,Lira sudaneză
Surinamese dollar,Dolar surinamez
Tajikistani samani,Samani Tadjikani
Turkish lira,Lira turcească
Turkmenistan manat,Turkmenistan manat
Pound sterling,Liră sterlină
Uzbekistani soʻm,Sozbekistanii soʻm
Saint Helena pound,Sfânta Elena Elena
Indian Rupees,Rupele indiene
CLI Pool,Piscina CLI
Download,Descarca
TRUE,ADEVĂRAT
FALSE,FALS
--Select Type--,--Selectați tip--
One Time,O data
Recurring,recurent
Recurring Monthly,Recurent lunar
Outbound,Outbound
Default,Mod implicit
Speed Dial Number Added Successfully,Număr de apelare rapidă adăugat cu succes
"Are you sure want to confirm this invoice ? once you confirm it, can not able to edit invoice again.","Sigur doriți să confirmați această factură? odată ce o confirmați, nu mai puteți edita factura din nou."
DIDs already purchased by someone.,DID-urile deja cumpărate de cineva.
DIDs Assigned sucessfully!,DID-urile sunt atribuite cu succes!
Something wrong.Please contact to administrator.,Ceva nu este în regulă. Vă rugăm să contactați administratorul.
Duplicate DID found from database,DID duplicat găsit din baza de date
Account have not sufficient amount to purchase this DID.,Contul nu are o sumă suficientă pentru a cumpăra acest DID.
Account not found or assign to invalid account,Contul nu a fost găsit sau alocat unui cont nevalid
Duplicate DID found from import file.,Duplicat DID găsit din fișierul de import.
DIDs Imported Successfully!,DID-urile importate cu succes!
Insuffiecient fund to purchase this DID.,Fondul insuficient pentru achiziționarea acestui DID.
Balance Below Notification,Sold sub notificare
Edit SIP device,Editează dispozitivul SIP
Note : Page will display only receipts and confirmed invoices.,Notă: Pagina va afișa numai chitanțele și facturile confirmate.
Termination Rate Updated Successfully!,Rata de încheiere actualizată cu succes!
Import Termination Rates Using Field Mapper,Importați tarifele de terminare folosind Field Mapper
Edit Roles & Permissions,Editează roluri și permisiuni
Create Roles & Permissions,Creați roluri și permisiuni
Edit Admin,Editați Admin
Pin Updated Successfully!.,Pin Actualizat cu succes !.
Create Termination Rate,Creați Rata de terminare
Edit Company Profile,Editați profilul companiei
Website,website
Generate Invoice for no usage,Generează factură fără utilizare
Commission Repots,Repotări ale Comisiei
Top Up,Umple
Purchase DIDs,Cumpărați DID-uri
Package,Pachet
Setup,Înființat
DID Purchased Successfully.,DID Cumpărat cu succes.
release,eliberare
DID Batch Updated Successfully!,Lotul DID a fost actualizat cu succes!
DID forwading set sucessfully!,S-a înlocuit cu succes setul DID!
Are you sure want to release DID?,Sigur doriți să eliberați DID?
Please select atleast one record,Vă rugăm să selectați cel puțin o înregistrare
Account Balance,Balanța contului
Next Bill Date,Data facturii următoare
TOTAL AMOUNT,VALOARE TOTALĂ
Invoice,Factura fiscala
IP Address,Adresa IP
Terminate,termina
Seconds,secunde
Recording,Înregistrare
Rates,tarife
Paid,Plătit
No Records,Fără înregistrări
Please select from date,Vă rugăm să selectați de la data
Please select to date,Vă rugăm să selectați până în prezent
Please select to date bigger than from date,Vă rugăm să selectați data până mai mare decât cea dată
Confirm,A confirma
Edit Country,Editează țara
Skip Header,Sariți antetul
Origination_rate_error,Origination_rate_error
Termination_rate_error,Termination_rate_error
Termination_Rates,Termination_Rates
Origination_Rates,Origination_Rates
refill_coupon,refill_coupon
Edit Reseller,Editează Reseller
Edit Calltype,Editați tipul de apel
updated successfully!,Actualizat cu succes!
added successfully!,adăugat cu succes!
Invoice generation completed .,Generarea facturilor a fost finalizată.
NOTE,NOTĂ
No data found.,Nu s-au gasit date.
Added successfully!,Adăugat cu succes!
DID added successfully!,S-a adăugat DID cu succes!
DID updated successfully!,DID actualizat cu succes!
File must be in the following format(.csv):,Fișierul trebuie să aibă următorul format (.csv):
Process,Proces
DID Import Error,Eroare la import DID
Records Imported Successfully,Înregistrări importate cu succes
Records Not Imported,Înregistrări neimportate
Back to DID List,Înapoi la lista DID
DID Batch Updated Successfully!,Lotul DID a fost actualizat cu succes!
Accessnumber Added Successfully!,Numărul de acces a fost adăugat cu succes!
Process,Proces
Accessnumber Import Error,Eroare la importul Accessnumber
DIDs Assigned sucessfully!,DID-urile sunt atribuite cu succes!
Origination Rates Preview,Previzualizarea ratelor de origine
Origination Rates Import Error,Eroare la importul ratelor de origine
Back to Origination Rates List,Înapoi la lista ratelor de origine
Origination Rates Batch Updated Successfully!,Lotul cu ratele de origine actualizate cu succes!
Import Ratedeck Preview,Importați previzualizarea Ratedeck
CALLTYPE,CALLTYPE
Edit Calltype,Editați tipul de apel
Outbound-Proxy,Outbound Proxy-
Edit Trunk,Editează trunchiul
Termination Rate Added Successfully!,Rata de terminare adăugată cu succes!
Edit Termination Rate,Editează Rata de încheiere
Termination Rates Import Error,Eroare la importul tarifelor de terminare
Termination Rates Imported Successfully!,Tarifele de terminare importate cu succes!
Back to Origination Rates List,Înapoi la lista ratelor de origine
Select,Selectați
pattern,model
comment,cometariu
connectcost,connectcost
includedseconds,includedseconds
init_inc,init_inc
inc,inc
prepend,Prepend
cost ,cost
strip,bandă
DID added successfully!,S-a adăugat DID cu succes!
DID updated successfully!,DID actualizat cu succes!
Country Name,Numele tarii
PAID,PLĂTIT
PENDING,IN ASTEPTAREA
FAIL,FAIL
ORDER,ORDIN
payment method,Modalitate de plată
Terminate Order,Comandă de încheiere
Compose Email,Scrie un email
Message,Mesaj
Send,Trimite
SIP Port is Required.,Portul SIP este obligatoriu.
Start,start
SIP Port is Required.,Portul SIP este obligatoriu.
SIP IP is Required.,IP SIP este obligatoriu.
Name is Required.,Numele este obligatoriu.
The SIP Port field is Required.,Câmpul Port SIP este obligatoriu.
The SIP Port field must contain only numbers.,Câmpul Port SIP trebuie să conțină doar numere.
The SIP Port field can not exceed 5 characters in length.,Câmpul Port SIP nu poate depăși 5 caractere în lungime.
Value is Required.,Este necesară o valoare.
Value,Valoare
Update Setting,Setare actualizare
Add Setting,Adăugare setare
Edit Freeswitch Server,Editați Freeswitch Server
CUT,A TAIA
ADD,ADĂUGA
Edit Localization,Editare localizare
Callbarring Settings Added Successfully!,Setările pentru bara de apeluri au fost adăugate cu succes!
Edit Call Barring,Modificați restricționarea apelurilor
Callbarring Settings Updated Successfully!,Setările barei de apel actualizate cu succes!
The Name field is required.,Câmpul Nume este obligatoriu.
Please select file.,Vă rugăm să selectați fișierul.
Database import allows only gzfile types of file.,Importul de baze de date permite doar tipuri de fișiere gzfile.
File must be in (.gz) format :,Fișierul trebuie să fie în format (.gz):
The Coupon Number field must contain only numbers.,Câmpul Număr cupon trebuie să conțină doar numere.
The Coupon Number field have inactive refill coupon.,Câmpul Număr cupon au cupon de reumplere inactiv.
This Coupon Number is already in use.,Acest număr de cupon este deja în uz.
This Coupon Number is not found.,Acest număr de cupon nu este găsit.
The Coupon Number field is required.,Câmpul Număr cupon este obligatoriu.
Select Customer.,Selectați Client.
Please enter your email,Vă rugăm să introduceți adresa dvs. de email
Please enter proper email,Vă rugăm să introduceți un e-mail corespunzător
The Caller ID field is required.,Câmpul ID apelant este obligatoriu.
Please enter your password,Va rugam sa introduceti parola
Please enter your first name,Vă rugăm să introduceți prenumele
Please enter your email,Vă rugăm să introduceți adresa dvs. de email
This field is require,Acest câmp este obligatoriu
The IP field must contain a unique value.,Câmpul IP trebuie să conțină o valoare unică.
The Name field is required.,Câmpul Nume este obligatoriu.
The IP field is required.,Câmpul IP este obligatoriu.
Please Enter Valid Account Number,Vă rugăm să introduceți numărul valid al contului
Main,Principal
--Select Disposition--,- Selectați Dispozitia--
Group By #time,Grupă după # timp
Active User,Utilizator activ
Used Minutes,Minute utilizate
Available Minutes,Minute disponibile
Total Price,Pretul total
Total User,Utilizator total
Resend Mail,Reintroduceți e-mailul
Restore,Restabili
View Details,Vezi detalii
Other,Alte
Edit Tax,Editează impozitul
Edit Country,Editează țara
Download Database,Descărcați baza de date
Import Database,Import de baze de date
File must be in (.gz) format,Fișierul trebuie să fie în format (.gz)
 Please select file.,Vă rugăm să selectați fișierul.
Please enter name and select file.,Vă rugăm să introduceți numele și selectați fișierul.
Edit Cron Settings,Editați Setările Cron
Global Settings updated sucessfully!,Setările globale s-au actualizat cu succes!
Alert Notifications,Notificări de alertă
Fraud Configuration,Configurarea fraudei
Configuration add,Adăugare configurație
Alarm Configuration,Configurarea alarmei
Please select atleast one pattern.,Vă rugăm să selectați cel puțin un model.
Problem In Add Patterns to account.,Problemă în Adăugarea tiparelor în cont.
Blocked Codes,Coduri blocate
The IP field must contain a unique value.,Câmpul IP trebuie să conțină o valoare unică.
The IP field is required.,Câmpul IP este obligatoriu.
Please Enter Switch command,Vă rugăm să introduceți comanda Comutare
are you sure to delete?,sunteți sigur că ștergeți?
Are you sure want to confirm this invoice ? once you confirm it,Sigur doriți să confirmați această factură? odată ce o confirmați
can not able to edit invoice again.,nu poate să editeze din nou factura.
Maximum Logo upload size is 1MB,Dimensiunea maximă de încărcare a logo-ului este de 1 MB
Profit per day,Profit pe zi
Please enter number,Vă rugăm să introduceți numărul
Import Customer,Importare client
Processing,Prelucrare
please wait,te rog asteapta
